Fold,Score
fold_1,0.7851190476190476
fold_2,0.7779761904761905
fold_3,0.7660714285714286
fold_4,0.7827380952380952
fold_5,0.7696428571428572
